{"learning_rate": 0.05782733575986101, "max_bin": 351, "max_delta_step": 6, "lambda": 0.00242507240752407, "alpha": 0.06070159380963301, "min_child_weight": 18, "max_depth": 9, "subsample": 0.7332731104196174, "colsample_bytree": 0.9990386139113363, "scale_pos_weight": 5.163943066355587}