{"learning_rate": 0.14341892365844375, "max_bin": 613, "max_delta_step": 20, "lambda": 0.0389453033171243, "alpha": 0.010226814170193287, "min_child_weight": 6, "max_depth": 3, "subsample": 0.9777876957075285, "colsample_bytree": 0.9388278903082641, "scale_pos_weight": 9.009876544338594}