{"learning_rate": 0.21034082661438655, "max_bin": 287, "max_delta_step": 3, "lambda": 0.04714004886906241, "alpha": 0.03824594345943928, "min_child_weight": 1, "max_depth": 5, "subsample": 0.7224356573846045, "colsample_bytree": 0.7572721519646377, "scale_pos_weight": 5.133790724769454}